{
  "abdominal": [
    {
      "tag": "severity",
      "image": "https://www.disabled-world.com/pics/1/pain-scale-chart-3.gif",
      "severity": [
        4,
        3,
        2,
        1,
        0
      ],
      "en": {
        "question": "Question: What is the severity of the pain?",
        "choices": [
          "Unendurable, excruciating pain",
          "Severe pain",
          "Moderate pain",
          "Mild pain",
          "No pain"
        ]
      },
      "es": {
        "question": "Pregunta: ¿Qual es la gravedad de su dolor?",
        "choices": [
          "Insoportable",
          "Dolor grave",
          "Dolor moderado",
          "Dolor leve",
          "No dolor"
        ]
      },
      "de": {
        "question": "Frage: Wie stark sind Ihre Schmerzen?",
        "choices": [
          "Nicht auszuhaltende, Qualvolle Schmerzen",
          "Starke Schmerzen",
          "Moderate Schmerzen",
          "Geringe Schmerzen",
          "Keine Schmerzen"
        ]
      },
      "tr": {
        "question": "Soru: Lütfen ağrı hissini derecelendiriniz.",
        "choices": [
          "İnanılmaz, dayanılmaz acı",
          "Şiddetli acı",
          "Orta derecede ağrı",
          "Hafif ağrı",
          "Acı yok"
        ]
      },
      "ru": {
        "question": "Вопрос: Какова тяжесть боли?",
        "choices": [
          "Нестерпимая мучительная боль",
          "Тяжелая боль",
          "Умеренная боль",
          "Легкая боль",
          "Нет боли"
        ]
      },
      "bg": {
        "question": "Въпрос: Колко силна е болката?",
        "choices": [
          "Непоносима, мъчителна болка",
          "Силна болка",
          "Умерено силна болка",
          "Лека болка",
          "Няма болка"
        ]
      }
    },
    {
      "tag": "shortage of breath",
      "image": "http://localhost:3000/images/7.png",
      "severity": [
        4,
        0
      ],
      "en": {
        "question": "Question: Are you in acute shortness of breath?",
        "choices": [
          "Yes, I have problems breathing",
          "No, I can breath normally"
        ]
      },
      "es": {
        "question": "Pregunta: ¿Usted tiene falta de aire agudo?",
        "choices": [
          "Si, tengo problemas respirando",
          "No, respiro normalmente"
        ]
      },
      "de": {
        "question": "Frage: Haben Sie akute Atemnot?",
        "choices": [
          "Unzureichende Atmung",
          "Normale Atmung"
        ]
      },
      "tr": {
        "question": "Soru: Nefes almakta güçlük çekiyor musunuz?",
        "choices": [
          "Evet, nefes almakta zorlanıyorum",
          "Hayır, normal nefes alabilirim"
        ]
      },
      "ru": {
        "question": "Вопрос: У вас острая одышка??",
        "choices": [
          "Да у меня проблемы с дыханием",
          "No, I can breath normally"
        ]
      },
      "bg": {
        "question": "Въпрос: Имате ли силно затруднено дишане?",
        "choices": [
          "Да, имам проблеми с дишането",
          "Не, мога да дишам нормално"
        ]
      }
    },
    {
      "tag": "vomit",
      "image": "http://localhost:3000/images/6.png",
      "severity": [
        3,
        1,
        0
      ],
      "en": {
        "question": "Question: Did you have to vomit?",
        "choices": [
          "Yes, and there was blood in the vomit",
          "Yes, but there was no blood in the vomit",
          "No, I did not vomit"
        ]
      },
      "es": {
        "question": "Pregunta: ¿Ustéd tuvo que vomitar?",
        "choices": [
          "Si, y hubo sangre en el vomito",
          "Si, pero no hubo sangre",
          "No, no vomité"
        ]
      },
      "de": {
        "question": "Frage: Mussten Sie sich übergeben?",
        "choices": [
          "Übergeben mit Blut",
          "Übergeben ohne Blut",
          "Kein Übergeben"
        ]
      },
      "tr": {
        "question": "Question: Daha önce kustunuz mu?",
        "choices": [
          "Evet, kusmukta kan vardı",
          "Evet, ama kusmukta kan yoktu",
          "Hayır, kusmadım"
        ]
      },
      "ru": {
        "question": "Вопрос: Вас рвало?",
        "choices": [
          "Да и в рвоте была кровь",
          "Да, но в рвоте не было крови",
          "Нет у меня такой проблемы не было"
        ]
      },
      "bg": {
        "question": "Въпрос: Повръщахте ли?",
        "choices": [
          "Да, и имаше кръв в изповръщаното",
          "Да, но нямаше кръв в изповръщаното",
          "Не, нямам такъв проблем"
        ]
      }
    },
    {
      "tag": "vomit-frequency",
      "image": "http://localhost:3000/images/6.png",
      "severity": [
        1,
        2,
        3
      ],
      "en": {
        "question": "Question: How often did you vomit in the last 24 hours?",
        "choices": [
          "1-2 times",
          "3-4 times",
          "5 or more times"
        ]
      },
      "es": {
        "question": "Pregunta: ¿Cuantas veces ha vomitado en los ultimos 24 horas?",
        "choices": [
          "1-2 veces",
          "3-4 veces",
          "5 o mas"
        ]
      },
      "de": {
        "question": "Frage: Wie oft haben Sie sich in den letzten 24 Stunden übergeben?",
        "choices": [
          "Häufigkeit: 1-2x",
          "Häufigkeit: 3-4x",
          "Häufigkeit: >4x"
        ]
      },
      "tr": {
        "question": "Soru: Son 24 saatte kaç kez kustunuz?",
        "choices": [
          "1-2 kez",
          "3-4 kez",
          "5 ve daha fazla"
        ]
      },
      "ru": {
        "question": "Вопрос: Как часто вас рвало за последние 24 часа??",
        "choices": [
          "1-2 раза",
          "3-4 раза",
          "5 или более раз"
        ]
      },
      "bg": {
        "question": "Въпрос: Колко пъти повърнате през последните 24 часа?",
        "choices": [
          "1-2 пъти",
          "3-4 пъти",
          "5 или повече пъти"
        ]
      }
    },
    {
      "tag": "defecation",
      "image": "http://localhost:3000/images/1.png",
      "severity": [
        1,
        3,
        1,
        0
      ],
      "en": {
        "question": "Question: Did you have any problems with your last bowel movement?",
        "choices": [
          "Yes, I had diarrhea",
          "Yes, I had diarrhea and there was blood in the feces",
          "Yes, I suffer from constipation",
          "No, my bowel movement was normal"
        ]
      },
      "es": {
        "question": "Pregunta: ¿Usted ha tenido tenido con su ultimo defecación?",
        "choices": [
          "Si, tuve diarrea",
          "Si, y hubo sangre en la diarrea",
          "Si, y tuve entreñimiento",
          "No, mi defecación fue normal"
        ]
      },
      "de": {
        "question": "Frage: Hatten Sie Probleme bei Ihrem letzten Stuhlgang?",
        "choices": [
          "Durchfall",
          "Durchfall mit Blut im Stuhl",
          "Verstopfung",
          "Normaler Stuhlgang"
        ]
      },
      "tr": {
        "question": "Soru: Bağırsaklarınızla ilgili problem yaşadınız mı?",
        "choices": [
          "Evet, ishal problemi yaşıyorum",
          "Evet, ishal problemi yaşıyorum ve dışkımda kan bulunuyor",
          "Evet, kabızlık problemi yaşıyorum",
          "Hayır, bağırsak hareketlerim normal"
        ]
      },
      "ru": {
        "question": "Вопрос: Did you have any problems with your last bowel movement?",
        "choices": [
          "Да у меня была диарея",
          "Да, у меня была диарея и была кровь в кале",
          "Да я страдаю от запоров",
          "Нет, мое движение кишечника было нормальным"
        ]
      },
      "bg": {
        "question": "Въпрос: Имахте ли проблем с вашето последно изхождане?",
        "choices": [
          "Да, имах диария",
          "Да, имах диария и имаше кръв във фекалийте",
          "Да, имах запек",
          "Не, перисталтиката ми беше нормална"
        ]
      }
    },
    {
      "tag": "fever",
      "image": "https://us.123rf.com/450wm/logo3in1/logo3in11504/logo3in1150400006/39036484-kranker-junge-mit-hohem-fieber-schlaf-zu-ruhen-auf-dem-bett-im-krankenzimmer-des-krankenhauses.jpg?ver=6",
      "severity": [
        3,
        2,
        0
      ],
      "en": {
        "question": "Question: Do you have a fever?",
        "choices": [
          "Yes, I feel very hot",
          "Yes, I feel kind of hot",
          "No, I feel normal"
        ]
      },
      "es": {
        "question": "Pregunta: ¿Has tenido fiebre?",
        "choices": [
          "Si, y me siento muy caliente",
          "Si, y me siento un poco caliente",
          "No, me siento normal"
        ]
      },
      "de": {
        "question": "Frage: Haben Sie Fieber?",
        "choices": [
          "Starkes Fieber",
          "Leichtes Fieber",
          "Kein Fieber"
        ]
      },
      "tr": {
        "question": "Soru: Ateşiniz var mı?",
        "choices": [
          "Evet, yüksek ateşim olduğunu hissediyorum.",
          "Evet, biraz ateşim olduğunu hissediyorum",
          "Hayır, ateşim yok."
        ]
      },
      "ru": {
        "question": "Вопрос: У тебя температура?",
        "choices": [
          "Да, у меня очень высокая температура тела",
          "Да я думаю у меня",
          "Нет я чувствую себя нормально"
        ]
      },
      "bg": {
        "question": "Въпрос: Имате ли висока температура?",
        "choices": [
          "Да, много висока",
          "Да, мисля, че имам",
          "Не, чувствам се нормално"
        ]
      }
    },
    {
      "tag": "pain-back",
      "image": "http://localhost:3000/images/3.png",
      "severity": [
        3,
        0
      ],
      "en": {
        "question": "Question: Does the pain radiate to the back?",
        "choices": [
          "Yes",
          "No"
        ]
      },
      "es": {
        "question": "Pregunta: ¿Difunde el dolor en la espalda?",
        "choices": [
          "Si",
          "No"
        ]
      },
      "de": {
        "question": "Frage: Strahlen die Schmerzen in die Rücken ab?",
        "choices": [
          "Schmerzaustrahlung in den Rücken",
          "Keine Schmerzaustrahlung in den Rücken"
        ]
      },
      "tr": {
        "question": "Soru: Ağrıyı sırtınızda doğru mu hissediyorsunuz?",
        "choices": [
          "Evet",
          "Hayır"
        ]
      },
      "ru": {
        "question": "Вопрос: У вас болит спина?",
        "choices": [
          "Да",
          "Нет"
        ]
      },
      "bg": {
        "question": "Въпрос: Имате ли болки в гърба?",
        "choices": [
          "Да",
          "Не"
        ]
      }
    },
    {
      "tag": "pain-shoulder",
      "image": "http://localhost:3000/images/2.png",
      "severity": [
        2,
        0
      ],
      "en": {
        "question": "Question: Does the pain radiate to the shoulder?",
        "choices": [
          "Yes",
          "No"
        ]
      },
      "es": {
        "question": "Pregunta: ¿Difunde el dolor en el hombro?",
        "choices": [
          "Si",
          "No"
        ]
      },
      "de": {
        "question": "Frage: Strahlen die Schmerzen in die Schulter ab?",
        "choices": [
          "Schmerzaustrahlung in die Schulter",
          "Keine Schmerzaustrahlung in die Schulter"
        ]
      },
      "tr": {
        "question": "Soru: Ağrıyı omzunuza doğru mu hissediyorsunuz?",
        "choices": [
          "Evet",
          "Hayır"
        ]
      },
      "ru": {
        "question": "Вопрос: У вас болит плечо?",
        "choices": [
          "Да",
          "Нет"
        ]
      },
      "bg": {
        "question": "Въпрос: Имате ли болка в рамото?",
        "choices": [
          "Да",
          "Не"
        ]
      }
    },
    {
      "tag": "General-Question-Allergies",
      "image": "http://localhost:3000/images/9.png",
      "severity": [
        0,
        0
      ],
      "en": {
        "question": "Question: Do you suffer from allergies?",
        "choices": [
          "Yes",
          "No"
        ]
      },
      "es": {
        "question": "Pregunta: ¿Usted tiene alergías?",
        "choices": [
          "Si",
          "No"
        ]
      },
      "de": {
        "question": "Frage: Haben Sie Allergien?",
        "choices": [
          "Allergien vorhanden",
          "Keine Allergien bekannt"
        ]
      },
      "tr": {
        "question": "Soru: Herhangi bir alerjiniz bulunuyor mu?",
        "choices": [
          "Evet",
          "Hayır"
        ]
      },
      "ru": {
        "question": "Вопрос: Вы страдаете от аллергии?",
        "choices": [
          "Да",
          "Нет"
        ]
      },
      "bg": {
        "question": "Въпрос: Страдате ли от някакви алергии?",
        "choices": [
          "Да",
          "Не"
        ]
      }
    },
    {
      "tag": "General-Question-Allergies2",
      "image": "http://localhost:3000/images/9.png",
      "severity": [
        0,
        0

      ],
      "en": {
        "question": "Question: What are you allergic to?",
        "choices": [
          "Medicines - e.g. ibuprofen, aspirin, penecilin, antibiotics",
          "Other - e.g. food, animal dander, hay fever..."
        ]
      },
      "es": {
        "question": "Pregunta: ¿De cual natura son sus alergias?",
        "choices": [
          "Medicinas - p.e. ibuprofen, aspirin, penecilin, antibioticas",
          "Otras - p.e. alimentos, caspa animal, fiebre de heno"
        ]
      },
      "de": {
        "question": "Frage: Wogegen sind sie allergisch?",
        "choices": [
          "Allergien gegen Medizinische Substanzen",
          "Keine relevanten Allergien"
        ]
      },
      "tr": {
        "question": "Soru: Hangilerine alerjiniz var?",
        "choices": [
          "İlaçlar: ibuprofen, aspirin, penisilin, antibiyotik",
          "Diğer : yiyecekler, hayvan tüyü, polen"
        ]
      },
      "ru": {
        "question": "Вопрос: На что у тебя аллергия?",
        "choices": [
          "Лекарства - например, ибупрофен, аспирин, пенициллин, антибиотики",
          "Другое - например, еда, перхоть животных, сенная лихорадка ..."
        ]
      },
      "bg": {
        "question": "Въпрос: Към какво сте алергични?",
        "choices": [
          "Лекарства - например, ибупрофен, аспирин, пеницилин, антибиотици",
          "Други - например, храна, животни, прах..."
        ]
      }
    },
    {
      "tag": "General-Question-Medication",
      "image": "http://localhost:3000/images/4.png",
      "severity": [
        0,
        0
      ],
      "en": {
        "question": "Question: Are you currently taking any medications?",
        "choices": [
          "Yes",
          "No"
        ]
      },
      "es": {
        "question": "Pregunta: ¿Estas tomando algun medicación?",
        "choices": [
          "Si",
          "No"
        ]
      },
      "de": {
        "question": "Frage: Nehmen sie aktuell Medikamente ein?",
        "choices": [
          "Patient nimmt Medikamente",
          "Patient nimmt aktuell keine Medikamente"
        ]
      },
      "tr": {
        "question": "Soru: Şu an kullandığınız ilaçlar var mı?",
        "choices": [
          "Evet",
          "Hayır"
        ]
      },
      "ru": {
        "question": "Вопрос: Вы в настоящее время принимаете какие-либо лекарства?",
        "choices": [
          "Да",
          "Нет"
        ]
      },
      "bg": {
        "question": "Въпрос: В момента приемате ли някакви лекарства?",
        "choices": [
          "Да",
          "Не"
        ]
      }
    },
    {
      "tag": "General-Question-History",
      "image": "http://localhost:3000/images/5.png",
      "severity": [
        0,
        0,
        0,
        0,
        0
      ],
      "en": {
        "question": "Question: Have you had any abdominal surgery?",
        "choices": [
          "No, I have not had any abdominal surgery",
          "Yes, I had my caecum out",
          "Yes, by the gall",
          "Yes, on the intestines",
          "Yes, Other"
        ]
      },
      "es": {
        "question": "Pregunta: ¿Has tenido algun operación abdominal?",
        "choices": [
          "No, no ha tenido ninguna operación abdominal",
          "Si, me tomaron el ciego",
          "Si, al hiel",
          "Si, en los intestines",
          "Si, otras"
        ]
      },
      "de": {
        "question": "Frage: Hatten Sie bereits Operationen im Bauchbereich?",
        "choices": [
          "Keine früheren Operationen im Bauchbereich",
          "Bereits Blinddarm entfernt",
          "Operation an der Galle",
          "Operation am Darm",
          "Andere Operation im Bauchbereich"
        ]
      },
      "tr": {
        "question": "Soru: Daha önce karın bölgenizle ilgili ameliyat geçirdiniz mi?",
        "choices": [
          "Hayır, karın bölgemle ilgili ameliyat geçirmedim",
          "Evet, kör bağırsağım alındı",
          "Evet, safra kesesi ameliyatı geçirdim",
          "Evet, bağırsaklarımdan ameliyat geçirdim",
          "Evet, diğer"
        ]
      },
      "ru": {
        "question": "Вопрос: Была ли у вас операция на брюшной полости?",
        "choices": [
          "Нет, у меня не было операций на брюшной полости",
          "Да, у меня был аппендикс",
          "Да, желчи",
          "Да, на кишечнике",
          "Да, другое"
        ]
      },
      "bg": {
        "question": "Въпрос: Имали ли сте коремна операция?",
        "choices": [
          "Не, не съм правил никакви коремни операции",
          "Да, извадиха ми апендикса",
          "Да, от жлъчка",
          "Да, на червата",
          "Да, друго"
        ]
      }
    }
  ]
}